{"0": {"lightgbm-boostinggbdt-lambda_l20.0-lr0.01-num_leaves15": [[0.7590178680897749, 0.9474319961772217, 0.970436438277358], [0.7266666666666667, 0.5384, 0.49959999999999993], 0.35277185440063474], "lightgbm-boostinggbdt-lambda_l20.0-lr0.01-num_leaves63": [[0.7598785202419799, 0.9482800149731057, 0.9710094921208917], [0.7266666666666667, 0.5364000000000001, 0.49759999999999993], 0.3333874702453613], "lightgbm-boostinggbdt-lambda_l20.0-lr0.1-num_leaves15": [[0.52117848754867, 0.8783788347717509, 0.9339582776536955], [0.8066666666666666, 0.5963999999999999, 0.5486000000000001], 0.2811892509460449], "lightgbm-boostinggbdt-lambda_l20.0-lr0.1-num_leaves63": [[0.5242777093476121, 0.8790402762193136, 0.9328278176926503], [0.8066666666666666, 0.6, 0.5496000000000001], 0.2625230312347412]}}