{"0": {"catboost-depth4-l2_leaf_regNone-lr0.01": [[1.0828025863033572, 1.4541257919979986, 1.4296725364611889], [0.8428571428571429, 0.5472, 0.5631999999999999], 1.5425349712371825], "catboost-depth4-l2_leaf_regNone-lr0.1": [[0.16663029572757948, 1.2204376872437048, 1.194284277680059], [0.9971428571428571, 0.582, 0.598], 1.5225308418273926], "catboost-depth6-l2_leaf_regNone-lr0.01": [[0.9441596227712366, 1.4262248989028723, 1.399584613163666], [0.9314285714285715, 0.558, 0.5746], 3.4438251495361327], "catboost-depth6-l2_leaf_regNone-lr0.1": [[0.10971163700989899, 1.2225489629102515, 1.1967159548613995], [1.0, 0.5816, 0.5839999999999999], 3.3159303188323976]}}