{"0": {"lightgbm-boostinggbdt-lambda_l20.0-lr0.01-num_leaves15": [[0.35718388626122005, 0.355922513296865, 0.35387338533042], [0.7988292729168641, 0.7995260214238317, 0.8030258505464921], 8.051781463623048], "lightgbm-boostinggbdt-lambda_l20.0-lr0.01-num_leaves63": [[0.32354858261993585, 0.3226208601453068, 0.32167731142258704], [0.8044809934590956, 0.8049597118210257, 0.8074281218302982], 20.363651084899903], "lightgbm-boostinggbdt-lambda_l20.0-lr0.1-num_leaves15": [[0.31583122060266033, 0.3157117053334641, 0.31511488251601805], [0.8260356431889277, 0.8260138401744241, 0.8248381378506224], 10.945565986633301], "lightgbm-boostinggbdt-lambda_l20.0-lr0.1-num_leaves63": [[0.31464012588608165, 0.3157567168589483, 0.3152067429041697], [0.8260640819034979, 0.8260195279173382, 0.8248210747836309], 11.694203615188599]}}