{"0": {"catboost-depth4-l2_leaf_regNone-lr0.01": [[0.1674138101589279, 0.7234637813001141, 0.698447219959527], [0.99, 0.68, 0.694], 1.1308163166046143], "catboost-depth4-l2_leaf_regNone-lr0.1": [[0.08175945815645556, 0.7154872363191236, 0.6850521756240404], [0.9966666666666667, 0.6848, 0.696], 0.34978446960449217], "catboost-depth6-l2_leaf_regNone-lr0.01": [[0.14292920103609214, 0.7268882091876399, 0.7020848274620868], [0.9899999999999999, 0.6848, 0.697], 2.3214959621429445], "catboost-depth6-l2_leaf_regNone-lr0.1": [[0.1416086317604112, 0.7315392890473484, 0.7112874848222006], [0.99, 0.6843999999999999, 0.679], 0.5106919765472412]}}