{"0": {"lightgbm-boostinggbdt-lambda_l20.0-lr0.01-num_leaves15": [[1.4413717754009308, 1.5510058908777282, 1.5365786508531811], [0.35238095238095235, 0.3259259259259259, 0.2991228070175439], 0.9485326290130616], "lightgbm-boostinggbdt-lambda_l20.0-lr0.01-num_leaves63": [[1.440252656097093, 1.5496923298398617, 1.5361315909541884], [0.35128205128205126, 0.3259259259259259, 0.2951754385964912], 1.008298635482788], "lightgbm-boostinggbdt-lambda_l20.0-lr0.1-num_leaves15": [[1.3937611815980167, 1.547229277910645, 1.5244067655684541], [0.4157509157509158, 0.31687242798353915, 0.3], 0.8473361492156982], "lightgbm-boostinggbdt-lambda_l20.0-lr0.1-num_leaves63": [[1.4041013006764336, 1.5484000860090794, 1.5270760955918972], [0.4386446886446887, 0.31330589849108365, 0.3140350877192982], 1.0948208332061768]}}