{"0": {"lightgbm-boostinggbdt-lambda_l20.0-lr0.01-num_leaves15": [[1.208979648953123, 1.5287231129881163, 1.5013268802337785], [0.6035256410256411, 0.3001201923076923, 0.32968299711815563], 4.370605087280273], "lightgbm-boostinggbdt-lambda_l20.0-lr0.01-num_leaves63": [[1.1269524525441157, 1.521508450726469, 1.4927381913977213], [0.7707532051282051, 0.3162259615384615, 0.33506243996157536], 8.795518255233764], "lightgbm-boostinggbdt-lambda_l20.0-lr0.1-num_leaves15": [[1.1682960273832972, 1.528833907724302, 1.5037608338974122], [0.744150641025641, 0.3167067307692307, 0.33583093179634965], 1.8732558727264403], "lightgbm-boostinggbdt-lambda_l20.0-lr0.1-num_leaves63": [[1.1696217826018132, 1.5246276934057863, 1.4978257998007205], [0.8279647435897436, 0.3189903846153846, 0.33064361191162345], 4.390122127532959]}}