{"0": {"catboost-depth4-l2_leaf_regNone-lr0.01": [[0.28154880804247956, 0.6180720906173677, 0.590800154004655], [0.875, 0.7875, 0.7843137254901961], 6.519059896469116], "catboost-depth4-l2_leaf_regNone-lr0.1": [[0.05223536360674862, 0.5321799057116998, 0.5025806452048889], [0.9916666666666667, 0.8125, 0.8431372549019608], 3.849149227142334], "catboost-depth6-l2_leaf_regNone-lr0.01": [[0.22763750574314587, 0.6019377481626527, 0.5826732242148834], [0.975, 0.8, 0.7843137254901961], 25.607928037643433], "catboost-depth6-l2_leaf_regNone-lr0.1": [[0.05123217337394671, 0.5368232536628599, 0.5232615869800747], [1.0, 0.825, 0.8235294117647058], 15.041952848434448]}}