{"0": {"lightgbm-boostinggbdt-lambda_l20.0-lr0.01-num_leaves15": [[0.33408633416815114, 0.6278953901481399, 0.6467752053282664], [0.9, 0.8135593220338982, 0.8378378378378379], 0.7611573696136474], "lightgbm-boostinggbdt-lambda_l20.0-lr0.01-num_leaves63": [[0.33559168682148954, 0.6270435780532495, 0.6473381548049589], [0.8954545454545455, 0.8135593220338982, 0.8378378378378379], 0.7214092254638672], "lightgbm-boostinggbdt-lambda_l20.0-lr0.1-num_leaves15": [[0.211582142326216, 0.6124147603862768, 0.6294640685806879], [0.9795454545454547, 0.8372881355932205, 0.8054054054054054], 0.27056374549865725], "lightgbm-boostinggbdt-lambda_l20.0-lr0.1-num_leaves63": [[0.2317737082146086, 0.6192416988388689, 0.6327761165789476], [0.9727272727272729, 0.8372881355932205, 0.8054054054054054], 0.2681417942047119]}}