{"0": {"catboost-depth4-l2_leaf_regNone-lr0.01": [[0.3767838643398938, 0.722828228679751, 0.8554917032459247], [0.9448275862068964, 0.7627118644067796, 0.681081081081081], 5.079540205001831], "catboost-depth4-l2_leaf_regNone-lr0.1": [[0.10436539195526003, 0.6308503322414767, 0.8246918992041664], [0.9080459770114944, 0.7864406779661017, 0.6918918918918917], 1.6910521030426025], "catboost-depth6-l2_leaf_regNone-lr0.01": [[0.29530655246615567, 0.7192731197489876, 0.8663877925288206], [0.9264367816091955, 0.7627118644067796, 0.681081081081081], 17.645351362228393], "catboost-depth6-l2_leaf_regNone-lr0.1": [[0.06983178544217343, 0.6133267867751341, 0.8294591586470318], [0.974712643678161, 0.793220338983051, 0.7081081081081082], 5.76925220489502]}}