{"0": {"catboost-depth4-l2_leaf_regNone-lr0.01": [[1.451663308459093, 1.5365112612526413, 1.5247184681004016], [0.5068108974358975, 0.32872596153846156, 0.345821325648415], 4.652997732162476], "catboost-depth4-l2_leaf_regNone-lr0.1": [[1.1786645693536335, 1.4900616075910014, 1.4670937894138578], [0.5552884615384616, 0.33533653846153844, 0.3323727185398655], 3.7518537044525146], "catboost-depth6-l2_leaf_regNone-lr0.01": [[1.4029534912408133, 1.5220385014846551, 1.5110751447769377], [0.5600961538461539, 0.3347355769230769, 0.356388088376561], 7.893948078155518], "catboost-depth6-l2_leaf_regNone-lr0.1": [[1.1900877870371072, 1.4889287625729866, 1.4731979036195137], [0.6177884615384616, 0.33834134615384615, 0.3333333333333333], 4.791891813278198]}}