{"0": {"catboost-depth4-l2_leaf_regNone-lr0.01": [[1.4787762108078062, 1.489328570483341, 1.4889385132622603], [0.3502616007842118, 0.3465844671201814, 0.3472694633408919], 29.981708765029907], "catboost-depth4-l2_leaf_regNone-lr0.1": [[1.3745062392666925, 1.4669591356741272, 1.4685806722341064], [0.4053099644506383, 0.36033163265306123, 0.3587490551776266], 28.54786491394043], "catboost-depth6-l2_leaf_regNone-lr0.01": [[1.4515726005167358, 1.4821937711874713, 1.4817702962206656], [0.3631113368213438, 0.3512377173091459, 0.350765306122449], 58.411340951919556], "catboost-depth6-l2_leaf_regNone-lr0.1": [[1.2561589955278478, 1.4649894798563377, 1.4657063457352582], [0.47711731289343456, 0.36007180650037796, 0.36007180650037796], 56.11726498603821]}}