{"0": {"lightgbm-boostinggbdt-lambda_l20.0-lr0.01-num_leaves15": [[1.5253612525446307, 1.8127022788192857, 1.7376574209281401], [0.38571428571428573, 0.31, 0.36], 0.6264959335327148], "lightgbm-boostinggbdt-lambda_l20.0-lr0.01-num_leaves63": [[1.5253612525446307, 1.8127022788192857, 1.7376574209281401], [0.38571428571428573, 0.31, 0.36], 0.5188404560089112], "lightgbm-boostinggbdt-lambda_l20.0-lr0.1-num_leaves15": [[1.516462949170621, 1.8155272760487988, 1.736862404682912], [0.4142857142857143, 0.308, 0.364], 0.49675683975219725], "lightgbm-boostinggbdt-lambda_l20.0-lr0.1-num_leaves63": [[1.516462949170621, 1.8155272760487988, 1.736862404682912], [0.4142857142857143, 0.308, 0.364], 0.4835325241088867]}}