{"0": {"lightgbm-boostinggbdt-lambda_l20.0-lr0.01-num_leaves15": [[0.508091876159679, 0.522525008732271, 0.5192419268653411], [0.7415611162599115, 0.7232170582755408, 0.7284422523633374], 11.07278037071228], "lightgbm-boostinggbdt-lambda_l20.0-lr0.01-num_leaves63": [[0.47681678554697865, 0.5078721951819374, 0.506196776623014], [0.7579960869117495, 0.7317047924645481, 0.7361487875051378], 8.566620683670044], "lightgbm-boostinggbdt-lambda_l20.0-lr0.1-num_leaves15": [[0.47070148659401756, 0.5038103439478158, 0.5024943845444232], [0.7587066213572238, 0.7332160231860055, 0.7361487875051378], 3.3462051868438722], "lightgbm-boostinggbdt-lambda_l20.0-lr0.1-num_leaves63": [[0.4608065070435373, 0.5053946266936322, 0.5042808415992093], [0.773823499124704, 0.7344167270468895, 0.7363337443485409], 2.964383268356323]}}