{"0": {"catboost-depth4-l2_leaf_regNone-lr0.01": [[1.4367335232805103, 1.457008123128692, 1.472105316260178], [0.3574561403508772, 0.34210526315789475, 0.3105263157894737], 3.2034828662872314], "catboost-depth4-l2_leaf_regNone-lr0.1": [[1.2476030866668384, 1.4012942285882881, 1.418810219446646], [0.5076754385964912, 0.36348684210526316, 0.3513157894736842], 3.177385091781616], "catboost-depth6-l2_leaf_regNone-lr0.01": [[1.4144141578303489, 1.4468115516035098, 1.4617191819187083], [0.4029605263157895, 0.34457236842105265, 0.33092105263157895], 6.22235894203186], "catboost-depth6-l2_leaf_regNone-lr0.1": [[1.179621237077179, 1.4046638824899906, 1.4146314272616594], [0.5043859649122807, 0.3626644736842105, 0.35723684210526313], 6.234557867050171]}}