{"0": {"lightgbm-boostinggbdt-lambda_l20.0-lr0.01-num_leaves15": [[1.3802252550229093, 1.452986259522405, 1.4617367678396482], [0.3913925438596491, 0.33256578947368415, 0.31855263157894737], 2.299130153656006], "lightgbm-boostinggbdt-lambda_l20.0-lr0.01-num_leaves63": [[1.3163859877005912, 1.4514547895495906, 1.4571391244957292], [0.4133771929824562, 0.34078947368421053, 0.32289473684210523], 5.390653991699219], "lightgbm-boostinggbdt-lambda_l20.0-lr0.1-num_leaves15": [[1.307053806202806, 1.4423456018323413, 1.4498942978400644], [0.3813048245614035, 0.33363486842105267, 0.31276315789473685], 1.26397385597229], "lightgbm-boostinggbdt-lambda_l20.0-lr0.1-num_leaves63": [[1.2926057333082375, 1.4501130055605809, 1.457306463614978], [0.4138706140350877, 0.3361842105263158, 0.32223684210526315], 3.5391866683959963]}}