{"0": {"lightgbm-boostinggbdt-lambda_l20.0-lr0.01-num_leaves15": [[0.6339025845660007, 0.6349613489521705, 0.6351551893905084], [0.623665042299692, 0.6215737340229271, 0.6216513662567773], 350.87407555580137], "lightgbm-boostinggbdt-lambda_l20.0-lr0.01-num_leaves63": [[0.626142054128046, 0.6300894707290314, 0.6303542621570996], [0.6311893159283515, 0.6262988070942247, 0.6259134307953518], 386.2689568519592], "lightgbm-boostinggbdt-lambda_l20.0-lr0.1-num_leaves15": [[0.6219649205588929, 0.6283354359633393, 0.6287318356021839], [0.6342427828370806, 0.6279064981392237, 0.6276304087377713], 285.5634567260742], "lightgbm-boostinggbdt-lambda_l20.0-lr0.1-num_leaves63": [[0.6140300292568623, 0.6282836985845154, 0.6285736969068413], [0.6404016571973177, 0.6279412881618371, 0.62780632057605], 142.8774535179138]}}