{"0": {"lightgbm-boostinggbdt-lambda_l20.0-lr0.01-num_leaves15": [[1.5116257061446796, 1.513321139778713, 1.5131486917593973], [0.31032223157799693, 0.3090609866207009, 0.30913963564032443], 640.5111681938172], "lightgbm-boostinggbdt-lambda_l20.0-lr0.01-num_leaves63": [[1.5010151893264276, 1.505509355707012, 1.5052219289506301], [0.31789685224161246, 0.3142564776054065, 0.3139854524262601], 815.4867592811585], "lightgbm-boostinggbdt-lambda_l20.0-lr0.1-num_leaves15": [[1.4969459717734572, 1.5038088367707563, 1.503574326096055], [0.3204900814727616, 0.31507045336397715, 0.3144957256070951], 526.5601306915283], "lightgbm-boostinggbdt-lambda_l20.0-lr0.1-num_leaves63": [[1.4921512403818054, 1.502726601744635, 1.5025204948736108], [0.3233027420020097, 0.3161339571534105, 0.3152990296601416], 320.56932187080383]}}