{"0": {"lightgbm-boostinggbdt-lambda_l20.0-lr0.01-num_leaves15": [[0.45060070900838955, 0.7621697597561368, 0.8760754348174963], [0.825287356321839, 0.7796610169491526, 0.6756756756756757], 0.8425599575042725], "lightgbm-boostinggbdt-lambda_l20.0-lr0.01-num_leaves63": [[0.4403239874135683, 0.7608466684827181, 0.8719263552200059], [0.8298850574712644, 0.7796610169491526, 0.681081081081081], 0.6783946037292481], "lightgbm-boostinggbdt-lambda_l20.0-lr0.1-num_leaves15": [[0.17475325577913314, 0.6802056451145366, 0.8315767829928935], [1.0, 0.8101694915254238, 0.7783783783783784], 0.33385205268859863], "lightgbm-boostinggbdt-lambda_l20.0-lr0.1-num_leaves63": [[0.15600033152572929, 0.686261512144376, 0.8351396866980693], [1.0, 0.8067796610169491, 0.772972972972973], 0.3362873554229736]}}