{"0": {"catboost-depth4-l2_leaf_regNone-lr0.01": [[1.4172111592361567, 1.5142246116997873, 1.522664004757658], [0.532967032967033, 0.4060356652949246, 0.3508771929824561], 2.7304840087890625], "catboost-depth4-l2_leaf_regNone-lr0.1": [[0.9024128312520024, 1.3477216101085518, 1.3618506082741266], [0.7884615384615384, 0.4499314128943759, 0.42543859649122806], 2.5990121364593506], "catboost-depth6-l2_leaf_regNone-lr0.01": [[1.3659678182648811, 1.492945042430326, 1.501136967501462], [0.5494505494505495, 0.4101508916323731, 0.3508771929824561], 4.8410608768463135], "catboost-depth6-l2_leaf_regNone-lr0.1": [[0.7783782541401677, 1.3356950558504526, 1.3522382276570304], [0.8058608058608059, 0.448559670781893, 0.42543859649122806], 4.99198579788208]}}