{"0": {"catboost-depth4-l2_leaf_regNone-lr0.01": [[0.8808136019236406, 1.3665078463215168, 1.3177068121731892], [0.8300000000000001, 0.5307999999999999, 0.5802], 2.2251744747161863], "catboost-depth4-l2_leaf_regNone-lr0.1": [[0.3009404687051623, 1.2917936607963871, 1.1982985990818062], [0.9766666666666666, 0.5307999999999999, 0.5942000000000001], 1.5696738243103028], "catboost-depth6-l2_leaf_regNone-lr0.01": [[0.7332686383045373, 1.346030550551141, 1.287886230675521], [0.8733333333333334, 0.5376000000000001, 0.5826], 5.367923402786255], "catboost-depth6-l2_leaf_regNone-lr0.1": [[0.2455985357945094, 1.2859507155469565, 1.196839437733986], [0.9033333333333333, 0.5267999999999999, 0.5742], 2.9825499057769775]}}