{"0": {"lightgbm-boostinggbdt-lambda_l20.0-lr0.01-num_leaves15": [[1.3891679283616358, 1.4748269983212876, 1.4752422184695955], [0.40337541779357744, 0.3573129251700681, 0.3561035525321239], 94.38228192329407], "lightgbm-boostinggbdt-lambda_l20.0-lr0.01-num_leaves63": [[1.1582039775629618, 1.4646479148688072, 1.4653212799751523], [0.5934735623767287, 0.363255857898715, 0.3625330687830688], 143.928857088089], "lightgbm-boostinggbdt-lambda_l20.0-lr0.1-num_leaves15": [[1.283875219470333, 1.4736829461952634, 1.4742843028255246], [0.47226086853822447, 0.3571428571428571, 0.3550642479213908], 22.981617307662965], "lightgbm-boostinggbdt-lambda_l20.0-lr0.1-num_leaves63": [[1.1685405566774243, 1.4744183312059254, 1.4751775792117237], [0.5451240684531895, 0.35600907029478457, 0.3544123204837491], 24.880264139175416]}}