{"0": {"lightgbm-boostinggbdt-lambda_l20.0-lr0.01-num_leaves15": [[0.6529774653208473, 0.654204517775837, 0.6536020772146036], [0.6140333345230022, 0.6149138669458456, 0.6144090984796212], 5.974906921386719], "lightgbm-boostinggbdt-lambda_l20.0-lr0.01-num_leaves63": [[0.6458385294440037, 0.6516555740345302, 0.6506884122043403], [0.6183090046040187, 0.6154373274959551, 0.6164172357181945], 7.212749767303467], "lightgbm-boostinggbdt-lambda_l20.0-lr0.1-num_leaves15": [[0.6441810201128789, 0.6495237062667572, 0.6482456860627426], [0.6158844593549616, 0.6157514038260208, 0.6159842013847582], 4.419262027740478], "lightgbm-boostinggbdt-lambda_l20.0-lr0.1-num_leaves63": [[0.6397446694187903, 0.650115869582066, 0.6488009619098681], [0.6186920779946942, 0.6154753973541449, 0.6162649599086345], 4.497353649139404]}}