{"0": {"lightgbm-boostinggbdt-lambda_l20.0-lr0.01-num_leaves15": [[1.4869910583534018, 1.5845412164875996, 1.5669417671470527], [0.4, 0.41, 0.386], 0.3876502990722656], "lightgbm-boostinggbdt-lambda_l20.0-lr0.01-num_leaves63": [[1.4839232743128803, 1.5832324583190072, 1.5657799945072708], [0.3983333333333333, 0.40800000000000003, 0.38260000000000005], 0.38309354782104493], "lightgbm-boostinggbdt-lambda_l20.0-lr0.1-num_leaves15": [[1.4024725658427404, 1.5672544346961466, 1.5434507185953774], [0.41000000000000003, 0.4136, 0.39380000000000004], 0.38106274604797363], "lightgbm-boostinggbdt-lambda_l20.0-lr0.1-num_leaves63": [[1.4023154699559444, 1.565969244244966, 1.5416607040959955], [0.39333333333333326, 0.41000000000000003, 0.38919999999999993], 0.38033337593078614]}}