{"0": {"lightgbm-boostinggbdt-lambda_l20.0-lr0.01-num_leaves15": [[0.35579602191635684, 0.5874496852598164, 0.5796928601178626], [0.95, 0.8225, 0.8156862745098039], 0.5586676597595215], "lightgbm-boostinggbdt-lambda_l20.0-lr0.01-num_leaves63": [[0.3533194911113318, 0.5867480409080711, 0.5777544333944359], [0.9483333333333333, 0.8324999999999999, 0.8156862745098039], 0.5302723407745361], "lightgbm-boostinggbdt-lambda_l20.0-lr0.1-num_leaves15": [[0.06814205955015795, 0.46064382144257054, 0.5314628530894424], [0.975, 0.8400000000000001, 0.807843137254902], 0.3587364673614502], "lightgbm-boostinggbdt-lambda_l20.0-lr0.1-num_leaves63": [[0.0624389648168596, 0.44684487905406217, 0.5178156577681131], [0.9766666666666666, 0.845, 0.8235294117647058], 0.3582040309906006]}}